Orbit,Name,Date
-1,JOI,11-Apr-2030 08:24:37.778
0,G00,10-Apr-2030 17:12:21.880
1,G01,30-Oct-2030 14:09:32.179
2,G02,02-Jan-2031 23:49:20.915
3,G03,07-Feb-2031 18:17:27.696
4,E01,07-Mar-2031 02:41:01.003
5,E02,27-Mar-2031 14:04:12.612
6,G04,13-Apr-2031 08:16:11.145
7,G05,01-May-2031 04:43:04.184
8,E03,27-May-2031 13:03:43.315
9,E04,17-Jun-2031 20:05:25.247
10,E05,09-Jul-2031 03:15:10.934
11,E06,30-Jul-2031 10:43:49.397
12,E07,20-Aug-2031 18:12:39.128
13,E08,11-Sep-2031 01:40:59.579
14,E09,02-Oct-2031 09:11:00.446
15,E10,23-Oct-2031 21:47:36.935
16,E11,14-Nov-2031 05:19:15.639
17,E12,05-Dec-2031 12:59:00.922
19,E13,20-Jan-2032 16:47:48.272
20,E14,11-Feb-2032 00:30:00.339
21,E15,03-Mar-2032 07:57:28.107
22,E16,24-Mar-2032 16:00:49.880
23,E17,11-Apr-2032 10:50:20.082
24,E18,26-Apr-2032 00:02:03.869
25,E19,13-May-2032 13:43:25.761
26,E20,28-May-2032 02:42:10.812
27,E21,14-Jun-2032 16:08:23.750
28,E22,29-Jun-2032 04:57:31.924
29,E23,16-Jul-2032 18:42:00.188
30,E24,31-Jul-2032 08:16:10.859
31,E25,18-Aug-2032 02:45:39.764
32,E26,01-Sep-2032 07:28:29.590
34,C01,29-Sep-2032 15:52:37.156
36,G06,28-Oct-2032 11:13:26.386
37,C02,06-Nov-2032 20:06:00.423
38,C03,23-Nov-2032 12:28:04.238
39,C04,19-Dec-2032 09:24:05.857
41,C05,09-Jan-2033 12:59:43.715
43,C06,21-Feb-2033 17:05:07.940
44,C07,10-Mar-2033 09:30:36.629
46,G07,04-Apr-2033 04:26:39.641
47,C08,29-Apr-2033 05:59:00.665
48,C09,15-May-2033 22:24:18.553
49,E27,27-May-2033 16:04:58.230
50,E28,14-Jun-2033 16:25:42.114
51,E29,28-Jun-2033 11:00:14.080
52,E30,16-Jul-2033 11:51:18.575
53,E31,30-Jul-2033 06:35:35.651
54,E32,13-Aug-2033 11:36:13.133
55,E33,27-Aug-2033 16:32:04.857
56,E34,10-Sep-2033 21:27:06.814
57,E35,25-Sep-2033 02:21:45.886
58,E36,09-Oct-2033 07:15:58.763
59,E37,23-Oct-2033 12:10:02.018
60,E38,06-Nov-2033 16:59:30.224
61,E39,20-Nov-2033 20:39:55.440
63,E40,15-Dec-2033 07:33:38.340
65,E41,09-Jan-2034 04:16:24.445
66,E42,23-Jan-2034 08:45:04.567
67,E43,06-Feb-2034 13:26:49.353
69,E44,03-Mar-2034 10:01:26.810
71,E45,28-Mar-2034 06:32:25.171
72,E46,11-Apr-2034 11:13:35.807
73,E47,25-Apr-2034 16:07:08.969
74,E48,09-May-2034 20:46:26.809
75,E49,24-May-2034 01:40:00.259
76,E50,07-Jun-2034 06:36:07.320
77,E51,21-Jun-2034 11:32:53.744
78,E52,05-Jul-2034 16:30:06.621
79,E53,20-Jul-2034 03:32:05.874
83,G08,03-Sep-2034 04:46:13.000
